region,fmin_mhz,fmax_mhz,signal_type,protocol,power_dbm,verification_status,confidence,source_title
Europe,863.0,870.0,ISM sub-GHz,"LoRaWAN, Z-Wave, Zigbee sub-GHz, SRD divers",14.0,partially_verified,0.94,ETSI EN 300 220-2 V3.2.1 — SRD 863-870 MHz
Europe (ITU Region 1),433.05,434.79,ISM sub-GHz,non défini — ISM band,10.0,partially_verified,0.93,ETSI EN 300 220-1 V3.1.1 — Short Range Devices 25–1000 MHz
Global / Suisse (CH),328.6,335.4,ILS Glide Slope — navigation aéronautique,ILS Glide Slope — ICAO Annex 10,,verified,0.97,ICAO Annex 10 Vol I — ILS Glide Slope 328.6–335.4 MHz
Global / Suisse (CH),328.6,335.4,ILS Glide Slope — navigation aéronautique,ILS Glide Slope — ICAO Annex 10,,verified,0.97,Swiss NFAP 2026 — 328.6–335.4 MHz ILS
Suisse (CH),385.0,387.0,Mobile PPDR,MOBILE 5.254 — PPDR tuning range ECC/DEC/(08)05,,partially_verified,0.88,Swiss NFAP 2026 — 385–387 MHz
Suisse (CH),387.0,390.0,Mobile militaire + UWB,MOBILE MIL 5.254 5.255 + UWB Annex 1,,verified,0.9,Swiss NFAP 2026 — 387–390 MHz
Suisse (CH),433.05,434.79,ISM sub-GHz SRD,Non-specific SRD (RIR1008-05),10.0,verified,0.97,Swiss NFAP 2026 — 433.05–434.79 MHz SRD entry
Suisse (CH),433.05,434.79,ISM sub-GHz SRD,Non-specific SRD (RIR1008-18),0.0,verified,0.96,Swiss NFAP 2026 — 433 MHz 1 mW 100% DC
Suisse (CH),433.25,434.5,ISM sub-GHz SRD haute puissance,Higher power SRD (RIR1021-05),27.0,verified,0.95,Swiss NFAP 2026 — Higher power SRD 433.25–434.50 MHz
Suisse (CH),868.0,868.6,ISM sub-GHz SRD,Non-specific SRD (RIR1008-06),14.0,verified,0.97,Swiss NFAP 2026 — 868.0–868.6 MHz SRD
Suisse (CH),869.4,869.65,ISM sub-GHz SRD haute puissance,Non-specific SRD (RIR1008-09) — alarmes,27.0,verified,0.96,Swiss NFAP 2026 — 869.40–869.65 MHz SRD haute puissance
Suisse (CH),2400.0,2483.5,Wi-Fi / RLAN,IEEE 802.11b/g/n/ax — WAS/RLAN RIR1010-01,,verified,0.97,Swiss NFAP 2026 — 2400–2483.5 MHz WAS/RLAN
Suisse (CH),5150.0,5850.0,Wi-Fi / RLAN,IEEE 802.11a/n/ac/ax — WAS/RLAN RIR1010-05,,verified,0.96,Swiss NFAP 2026 — 5 GHz WAS/RLAN
Suisse (CH),5945.0,6425.0,Wi-Fi / RLAN,"IEEE 802.11ax (Wi-Fi 6E) — RIR1010-11, ECC/DEC/(20)01",,partially_verified,0.88,Swiss NFAP 2026 — 5945–6425 MHz WAS/RLAN (Wi-Fi 6E)
Suisse (CH) / EU,312.0,315.0,Mobile militaire,Mobile militaire (MOBILE 5.254 5.255),,verified,0.9,Swiss NFAP 2026 — 312–315 MHz Mobile MIL
Suisse (CH) / EU,315.0,322.0,Mobile militaire,Mobile militaire (MOBILE 5.254),,verified,0.9,Swiss NFAP 2026 — 315–322 MHz
Suisse (CH) / EU,322.0,328.6,Mobile militaire + Radio astronomie,MOBILE MIL / RADIO ASTRONOMY 5.149,,verified,0.9,Swiss NFAP 2026 — 322–328.6 MHz
Suisse (CH) / EU,335.4,380.0,Mobile militaire,MOBILE MIL 5.254 + UWB Annex 1,,verified,0.9,Swiss NFAP 2026 — 335.4–380 MHz
Suisse (CH) / EU,380.0,385.0,TETRA (PMR/PAMR),TETRA V+D — ETSI TS 100 392-15 V1.5.1,33.0,verified,0.97,ETSI TS 100 392-15 V1.5.1 — TETRA Frequency Bands 380–400 MHz
Suisse (CH) / EU,380.0,385.0,TETRA (PMR/PAMR),TETRA V+D — ETSI TS 100 392-15 V1.5.1,33.0,verified,0.97,Swiss NFAP 2026 — 380–385 MHz TETRA PMR
USA,314.0,316.0,sub-GHz télécommande,Non défini — propriétaire selon fabricant,-10.0,partially_verified,0.8,FCC Part 15 Subpart B — Unintentional Radiators / Part 15.231
USA / Amériques,902.0,928.0,ISM sub-GHz,"LoRaWAN US915, Zigbee sub-GHz, 802.15.4g",30.0,partially_verified,0.94,FCC Part 15.247 — ISM 902-928 MHz
global,1.0,6000.0,SDR,half-duplex,10.0,verified,0.97,HackRF One — Official Documentation
global,1.0,6000.0,SDR,half-duplex,10.0,verified,0.97,HackRF One — Product Page
global,2401.0,2484.0,Wi-Fi,IEEE 802.11b/g/n/ax,,verified,0.98,IEEE 802.11-2020 Standard
global,2402.0,2480.0,Bluetooth,Bluetooth 5.x (BR/EDR + LE),10.0,verified,0.98,Bluetooth Core Specification 5.4
global,5150.0,5850.0,Wi-Fi,IEEE 802.11a/n/ac/ax,,verified,0.97,IEEE 802.11-2020 Standard — 5 GHz
global,5925.0,7125.0,Wi-Fi,IEEE 802.11ax,,partially_verified,0.92,Wi-Fi 6E — Wi-Fi Alliance Overview
